"Name/ID","approved","created_by","created_on","date","description","short_url"
"id=4791601880629248","true","kester@gmail.com","2015-07-15T17:13:20.705Z","1986-06-02T00:00:00.000Z","movie ""Ferris Bueller's Day Off""","movie-ferris-buellers-day-off"
"id=4816555909054464","true","kester@gmail.com","2015-07-15T17:13:20.705Z","1861-01-01T00:00:00.000Z","beginning of the Civil War","beginning-of-the-civil-war"
"id=4823483154432000","true","kester@gmail.com","2015-07-15T17:13:20.705Z","1953-01-01T00:00:00.000Z","discovery of the double-helix structure of DNA","discovery-of-the-double-helix-structure-"
"id=4840241445732352","true","kester@gmail.com","2015-07-15T17:13:20.705Z","2011-05-01T00:00:00.000Z","death of Osama bin Laden","death-of-osama-bin-laden"
"id=4843114913071104","true","kester@gmail.com","2015-07-15T17:13:20.705Z","1984-01-01T00:00:00.000Z","release of ""Purple Rain""","release-of-purple-rain"
"id=4844988860989440","true","kester@gmail.com","2015-07-15T17:13:20.705Z","1903-12-18T00:00:00.000Z","Wright brothers' first flight","wright-brothers-first-flight"
"id=4854832657596416","true","kester@gmail.com","2015-07-15T17:13:20.705Z","1955-01-01T00:00:00.000Z","opening of Disneyland","opening-of-disneyland"
"id=4875722304782336","true","kester@gmail.com","2015-07-15T17:13:20.705Z","1984-01-01T00:00:00.000Z","release of ""The Terminator""","release-of-the-terminator"
"id=4876504257265664","true","kester@gmail.com","2015-07-15T17:13:20.705Z","1985-01-01T00:00:00.000Z","movie ""The Breakfast Club""","movie-the-breakfast-club"
"id=4886402546270208","true","kester@gmail.com","2015-07-15T17:13:20.705Z","1984-01-01T00:00:00.000Z","movie ""Ghostbusters""","movie-ghostbusters"
"id=4889630214193152","true","kester@gmail.com","2015-07-15T17:13:20.705Z","1933-01-01T00:00:00.000Z","first inauguration of FDR ","first-inauguration-of-fdr-"
"id=4908329696493568","true","kester@gmail.com","2015-07-15T17:13:20.705Z","1968-04-04T00:00:00.000Z","assassination of Martin Luther King Jr","assassination-of-martin-luther-king-jr"
"id=4909833203482624","true","kester@gmail.com","2015-07-15T17:13:20.705Z","1977-04-30T00:00:00.000Z","release of ""Star Wars""","release-of-star-wars"
"id=4911260206366720","true","kester@gmail.com","2015-07-15T17:13:20.705Z","1954-01-01T00:00:00.000Z","Brown vs Board of Education decision","brown-vs-board-of-education-decision"
"id=4913290249502720","true","kester@gmail.com","2015-07-15T17:13:20.705Z","1957-01-01T00:00:00.000Z","publication of ""The Cat In The Hat""","publication-of-the-cat-in-the-hat"
"id=5073076857339904","true","kester@gmail.com","2015-07-15T17:13:20.705Z","1933-01-01T00:00:00.000Z","end of Prohibition","end-of-prohibition"
"id=5078192968695808","true","kester@gmail.com","2015-07-15T17:13:20.705Z","1999-03-31T00:00:00.000Z","release of ""The Matrix""","release-of-the-matrix"
"id=5084698770407424","true","kester@gmail.com","2015-07-15T17:13:20.705Z","1927-01-01T00:00:00.000Z","flight of Lindbergh across Atlantic","flight-of-lindbergh-across-atlantic"
"id=5096506709245952","true","kester@gmail.com","2016-08-02T20:25:59.754Z","2013-04-15T00:00:00.000Z","Boston Marathon bombing","boston-marathon-bombing"
"id=5098030885765120","true","kester@gmail.com","2015-07-15T17:13:20.705Z","1995-08-09T00:00:00.000Z","death of Jerry Garcia","death-of-jerry-garcia"
"id=5101973019820032","true","kester@gmail.com","2020-07-16T05:48:37.119Z","1879-01-01T00:00:00.000Z","invention of the electric light bulb by Thomas Edison","invention-of-the-electric-light-bulb-by-"
"id=5103133306912768","true","kester@gmail.com","2015-07-15T17:13:20.705Z","1987-01-01T00:00:00.000Z","first episode of ""Star Trek TNG""","first-episode-of-star-trek-tng"
"id=5104958131142656","true","kester@gmail.com","2015-07-15T17:13:20.705Z","1995-04-19T00:00:00.000Z","Oklahoma City bombing","oklahoma-city-bombing"
"id=5108881315332096","true","colin.schatz@gmail.com","2015-07-19T23:33:49.537Z","1994-09-23T00:00:00.000Z","release of ""The Shawshank Redemption""","release-of-the-shawshank-redemption"
"id=5121716422443008","true","kester@gmail.com","2015-07-15T17:13:20.705Z","1975-04-30T00:00:00.000Z","Fall of Saigon","fall-of-saigon"
"id=5124589889781760","true","kester@gmail.com","2015-07-15T17:13:20.705Z","1995-08-24T00:00:00.000Z","release of Windows 95","release-of-windows-95"
"id=5125474921480192","true","kester@gmail.com","2015-07-15T17:13:20.705Z","1986-01-01T00:00:00.000Z","song Walk Like an Egyptian","song-walk-like-an-egyptian"
"id=5126463837700096","true","kester@gmail.com","2015-07-15T17:13:20.705Z","1986-01-01T00:00:00.000Z","release of ""You Give Love a Bad Name"" (Bon Jovi)","release-of-you-give-love-a-bad-name-bon-"
"id=5128776140718080","true","kester@gmail.com","2015-07-15T17:13:20.705Z","1981-01-01T00:00:00.000Z","wedding of Prince Charles and Princess Di","wedding-of-prince-charles-and-princess-d"
"id=5132209967071232","true","kester@gmail.com","2015-07-15T17:13:20.705Z","1979-01-01T00:00:00.000Z","introduction of Sony Walkman","introduction-of-sony-walkman"
"id=5133655760437248","true","kester@gmail.com","2017-10-26T22:24:16.128Z","1974-01-15T00:00:00.000Z","start of the series ""Happy Days""","start-of-the-series-happy-days"
"id=5136307634307072","true","kester@gmail.com","2015-07-15T17:13:20.705Z","1852-01-01T00:00:00.000Z","publication of Uncle Tom's Cabin","publication-of-uncle-toms-cabin"
"id=5157197281492992","true","kester@gmail.com","2015-07-15T17:13:20.705Z","1989-11-09T00:00:00.000Z","fall of Berlin Wall","fall-of-berlin-wall"
"id=5157979233976320","true","kester@gmail.com","2015-07-15T17:13:20.705Z","1969-07-21T00:00:00.000Z","first moon landing","first-moon-landing"
"id=5163657986048000","true","kester@gmail.com","2015-07-15T17:13:20.705Z","1987-06-01T00:00:00.000Z","movie ""Dirty Dancing""","movie-dirty-dancing"
"id=5167877522980864","true","kester@gmail.com","2015-07-15T17:13:20.705Z","1939-01-01T00:00:00.000Z","beginning of WWII","beginning-of-wwii"
"id=5171105190903808","true","kester@gmail.com","2015-07-15T17:13:20.705Z","1919-01-01T00:00:00.000Z","end of WWI","end-of-wwi"
"id=5176769984331776","true","kester@gmail.com","2015-07-15T17:13:20.705Z","1865-01-01T00:00:00.000Z","assassination of Lincoln","assassination-of-lincoln"
"id=5187135082594304","true","pjhinton@aim.com","2017-02-05T05:44:41.739Z","1981-08-01T00:00:00.000Z","the launch of MTV: Music Television","the-launch-of-mtv-music-television"
"id=5189804673204224","true","kester@gmail.com","2015-07-15T17:13:20.705Z","1982-01-01T00:00:00.000Z","start of Tom Brokaw as newscaster","start-of-tom-brokaw-as-newscaster"
"id=5191308180193280","true","kester@gmail.com","2015-07-15T17:13:20.705Z","1989-10-17T00:00:00.000Z","1989 San Francisco Earthquake","1989-san-francisco-earthquake"
"id=5192735183077376","true","kester@gmail.com","2015-07-15T17:13:20.705Z","1981-06-01T00:00:00.000Z","release of ""Raiders of the Lost Ark""","release-of-raiders-of-the-lost-ark"
"id=5194384987389952","true","kester@gmail.com","2015-07-15T17:13:20.705Z","1936-01-01T00:00:00.000Z","Olympics in Berlin under Hitler","olympics-in-berlin-under-hitler"
"id=5194765226213376","true","kester@gmail.com","2015-07-15T17:13:20.705Z","1945-01-01T00:00:00.000Z","Manhattan Project","manhattan-project"
"id=5204331057905664","true","kester@gmail.com","2015-07-15T17:13:20.705Z","1968-01-01T00:00:00.000Z","election of Nixon","election-of-nixon"
"id=5206978905243648","true","kester@gmail.com","2015-07-15T17:13:20.705Z","2014-01-01T00:00:00.000Z","last year CD sales revenue was higher than digital music revenue","last-year-cd-sales-revenue-was-higher-th"
"id=5403191399153664","true","kester@gmail.com","2015-07-15T17:13:20.705Z","1970-01-01T00:00:00.000Z","breakup of the Beatles","breakup-of-the-beatles"
"id=5438672258203648","true","kester@gmail.com","2015-07-15T17:13:20.705Z","1981-01-01T00:00:00.000Z","launch of MTV","launch-of-mtv"
"id=5629522644828160","true","kester@gmail.com","2019-05-04T21:35:50.548Z","1924-07-10T00:00:00.000Z","Scopes monkey trial","scopes-monkey-trial"
"id=5629652273987584","true","kester@gmail.com","2016-08-03T02:19:12.284Z","1984-01-28T00:00:00.000Z","release of Kenny Loggins's ""Footloose""","release-of-kenny-logginss-footloose"
"id=5630742793027584","true","kester@gmail.com","2018-09-13T20:31:51.008Z","2001-11-06T00:00:00.000Z","debut of Jack Bauer in ""24""","debut-of-jack-bauer-in-24"
"id=5630756441292800","true","kester@gmail.com","2019-08-31T03:22:54.308Z","1986-01-28T00:00:00.000Z","Challenger disaster","challenger-disaster"
"id=5630978613575680","true","kester@gmail.com","2018-05-06T23:27:22.810Z","1972-04-14T00:00:00.000Z","release of Elton John's ""Rocket Man""","release-of-elton-johns-rocket-man"
"id=5632006343884800","true","kester@gmail.com","2019-07-09T21:10:33.188Z","1980-05-22T00:00:00.000Z","release of Pac-Man","release-of-pac-man"
"id=5632763172487168","true","kester@gmail.com","2016-09-07T04:58:47.048Z","2008-11-05T00:00:00.000Z","election of Barack Obama","election-of-barack-obama"
"id=5632908932939776","true","kester@gmail.com","2015-07-15T17:13:20.705Z","1984-01-01T00:00:00.000Z","movie ""Nightmare on Elm Street""","movie-nightmare-on-elm-street"
"id=5633236919123968","true","kester@gmail.com","2020-05-31T15:38:51.144Z","2004-05-06T00:00:00.000Z","finale of ""Friends""","finale-of-friends"
"id=5633600934379520","true","kester@gmail.com","2019-03-21T01:17:53.341Z","1969-08-15T00:00:00.000Z","Woodstock music festival","woodstock-music-festival"
"id=5634457830686720","true","kester@gmail.com","2019-07-03T22:47:20.277Z","1994-06-17T00:00:00.000Z","O. J. Simpson white Bronco chase","o-j-simpson-white-bronco-chase"
"id=5635698069602304","true","kester@gmail.com","2019-10-14T23:11:36.624Z","1982-11-30T00:00:00.000Z","release of ""Thriller""","release-of-thriller"
"id=5635703144710144","true","kester@gmail.com","2018-10-16T20:07:13.622Z","2016-07-06T00:00:00.000Z","launch of Pokemon Go","launch-of-pokemon-go"
"id=5636026810761216","true","kester@gmail.com","2015-07-15T17:13:20.705Z","1950-01-01T00:00:00.000Z","debut of the ""Peanuts"" comic strip","debut-of-the-peanuts-comic-strip"
"id=5636139285217280","true","kester@gmail.com","2018-05-30T19:25:31.083Z","1988-10-15T00:00:00.000Z","number one chart position of ""Red Red Wine"" by UB40","number-one-chart-position-of-red-red-win"
"id=5636953047302144","true","kester@gmail.com","2018-07-18T20:18:31.706Z","1931-09-02T00:00:00.000Z","radio debut of Bing Crosby","radio-debut-of-bing-crosby"
"id=5637489247125504","true","denise.simard@gmail.com","2015-08-05T03:28:02.796Z","1986-06-19T00:00:00.000Z","Len Bias overdose","len-bias-overdose"
"id=5637743698771968","true","kester@gmail.com","2019-04-28T03:36:53.278Z","1992-04-27T00:00:00.000Z","release of ""Greatest Love of All"" by Whitney Houston","release-of-greatest-love-of-all-by-whitn"
"id=5638159220080640","true","kester@gmail.com","2020-12-15T05:02:11.461Z","2000-03-27T01:00:00.000Z","release of ""Oops I Did It Again""","release-of-oops-i-did-it-again"
"id=5638830484881408","true","kester@gmail.com","2015-07-15T21:48:59.838Z","1919-01-15T00:00:00.000Z","molasses flood in Boston","molasses-flood-in-boston"
"id=5639026912526336","true","kester@gmail.com","2018-10-02T23:17:35.343Z","1983-08-08T00:00:00.000Z","release of ""Red Red Wine""","release-of-red-red-wine"
"id=5639047607222272","true","kester@gmail.com","2019-09-05T20:36:42.429Z","1982-12-17T00:00:00.000Z","release of ""The Dark Crystal""","release-of-the-dark-crystal"
"id=5639274879778816","true","kester@gmail.com","2015-07-15T17:13:20.705Z","1986-01-01T00:00:00.000Z","song ""Mandolin Rain""","song-mandolin-rain"
"id=5639456635748352","true","kester@gmail.com","2019-06-27T05:29:02.118Z","1996-02-27T00:00:00.000Z","release of Alanis Morissette's ""Ironic""","release-of-alanis-morissettes-ironic"
"id=5639574185312256","true","kester@gmail.com","2015-10-07T18:48:03.903Z","1945-08-15T00:00:00.000Z","end of WWII (VJ Day)","end-of-wwii-vj-day"
"id=5640299858624512","true","kester@gmail.com","2021-06-13T04:14:13.140Z","2002-05-16T00:00:00.000Z","release of ""Attack of the Clones""","release-of-attack-of-the-clones"
"id=5640996599627776","true","kester@gmail.com","2019-03-28T03:22:14.242Z","1989-03-31T00:00:00.000Z","release of ""Heathers""","release-of-heathers"
"id=5641142922117120","true","kester@gmail.com","2015-07-15T17:13:20.705Z","1989-03-23T00:00:00.000Z","Exxon Valdez oil spill","exxon-valdez-oil-spill"
"id=5641508757700608","true","kester@gmail.com","2020-07-28T04:06:34.142Z","1995-07-14T00:00:00.000Z","creation of MP3 files","creation-of-mp3-files"
"id=5641906755207168","true","kester@gmail.com","2018-07-18T20:15:56.006Z","1931-05-01T00:00:00.000Z","opening of the Empire State Building","opening-of-the-empire-state-building"
"id=5641927449903104","true","kester@gmail.com","2019-07-11T03:57:50.042Z","2001-12-19T00:00:00.000Z","release of ""Lord of the Rings""","release-of-lord-of-the-rings"
"id=5642684278505472","true","kester@gmail.com","2016-08-20T17:07:18.566Z","1993-05-20T00:00:00.000Z","last episode of ""Cheers""","last-episode-of-cheers"
"id=5643172898144256","true","kester@gmail.com","2018-10-22T23:10:30.905Z","1997-06-20T00:00:00.000Z","release of ""My Best Friend's Wedding""","release-of-my-best-friends-wedding"
"id=5644309118320640","true","kester@gmail.com","2016-09-07T18:07:38.016Z","1914-08-15T00:00:00.000Z","opening of the Panama Canal","opening-of-the-panama-canal"
"id=5644378534051840","true","kester@gmail.com","2019-07-09T21:09:08.828Z","1981-07-09T00:00:00.000Z","release of the Donkey Kong arcade game","release-of-the-donkey-kong-arcade-game"
"id=5645784439586816","true","kester@gmail.com","2015-07-23T16:33:27.390Z","1985-07-23T00:00:00.000Z","first Amiga computer","first-amiga-computer"
"id=5645937472962560","true","kester@gmail.com","2019-05-04T21:32:55.103Z","1920-08-18T00:00:00.000Z","passage of American women's suffrage ","passage-of-american-womens-suffrage-"
"id=5646239437684736","true","kester@gmail.com","2015-07-15T17:13:20.705Z","1994-01-01T00:00:00.000Z","last episode of ""Star Trek TNG""","last-episode-of-star-trek-tng"
"id=5646862031781888","true","kester@gmail.com","2019-08-23T18:09:34.956Z","1977-01-20T00:00:00.000Z","start of the Carter administration","start-of-the-carter-administration"
"id=5646874153320448","true","kester@gmail.com","2018-09-13T06:02:21.432Z","1960-09-01T00:00:00.000Z","desgregation of public schools by Ruby Bridges","desgregation-of-public-schools-by-ruby-b"
"id=5647214755971072","true","kester@gmail.com","2020-06-10T17:36:37.993Z","1989-02-17T00:00:00.000Z","release of ""Bill and Ted's Excellent Adventure""","release-of-bill-and-teds-excellent-adven"
"id=5647648723828736","true","kester@gmail.com","2015-07-15T17:13:20.705Z","1980-05-18T00:00:00.000Z","Mt St. Helens eruption","mt-st-helens-eruption"
"id=5650665401483264","true","kester@gmail.com","2018-05-30T19:25:03.492Z","1988-04-09T00:00:00.000Z","number one chart position of ""Get Outta My Dreams, Get Into My Car"" by Billy Ocean","number-one-chart-position-of-get-outta-m"
"id=5652383656837120","true","kester@gmail.com","2015-07-21T19:20:23.120Z","1972-03-25T00:00:00.000Z","release of ""The Godfather""","release-of-the-godfather"
"id=5654153720233984","true","kester@gmail.com","2018-03-05T16:31:39.686Z","1994-03-04T00:00:00.000Z","death of John Candy","death-of-john-candy"
"id=5655980960382976","true","kester@gmail.com","2018-01-23T19:28:19.108Z","1998-07-24T00:00:00.000Z","release of ""Saving Private Ryan""","release-of-saving-private-ryan"
"id=5656030914543616","true","kester@gmail.com","2021-07-13T16:40:46.400Z","1991-07-13T00:00:00.000Z","release of ""Point Break""","release-of-point-break"
"id=5657382461898752","true","kester@gmail.com","2017-11-17T15:58:34.474Z","1998-11-18T00:00:00.000Z","the Simpsons episode ""Mr. Plow""","the-simpsons-episode-mr-plow"
"id=5657582312095744","true","kester@gmail.com","2015-11-30T16:05:55.793Z","1967-10-30T00:00:00.000Z","release of ""Alice's Restaurant""","release-of-alices-restaurant"
"id=5658514613600256","true","kester@gmail.com","2021-05-13T19:11:45.212Z","1986-05-13T00:00:00.000Z","release of ""West End Girls"" by Pet Shop Boys","release-of-west-end-girls-by-pet-shop-bo"
"id=5658962204557312","true","kester@gmail.com","2018-01-05T17:09:57.171Z","1973-01-05T00:00:00.000Z","release of Greetings From Ashbury Park, N.J.","release-of-greetings-from-ashbury-park-n"
"id=5659456662667264","true","kester@gmail.com","2016-08-02T20:20:27.812Z","2015-07-01T00:00:00.000Z","start of Timeghost's haunting","start-of-timeghosts-haunting"
"id=5659748426842112","true","kester@gmail.com","2020-02-26T23:24:01.642Z","1982-05-21T23:00:00.000Z","release of ""The Road Warrior""","release-of-the-road-warrior"
"id=5660980839186432","true","kester@gmail.com","2015-07-15T17:13:20.705Z","1998-12-19T00:00:00.000Z","impeachment of Clinton","impeachment-of-clinton"
"id=5662329727352832","true","colin.schatz@gmail.com","2015-10-30T01:25:29.045Z","2009-10-26T00:00:00.000Z","Closure of GeoCities in the US","closure-of-geocities-in-the-us"
"id=5662543133540352","true","kester@gmail.com","2015-08-13T16:39:48.260Z","1964-06-26T00:00:00.000Z","release of ""Hard Day's Night""","release-of-hard-days-night"
"id=5663998322147328","true","kester@gmail.com","2016-08-13T20:55:33.197Z","1999-09-21T00:00:00.000Z"," release of Fight Club ","-release-of-fight-club-"
"id=5664922973241344","true","kester@gmail.com","2020-07-16T05:47:48.279Z","1876-01-01T00:00:00.000Z","invention of the telephone by Alexander Graham Bell","invention-of-the-telephone-by-alexander-"
"id=5665370564198400","true","kester@gmail.com","2017-07-21T00:05:43.724Z","1997-08-31T00:00:00.000Z","death of Princess Diana","death-of-princess-diana"
"id=5666083260334080","true","kester@gmail.com","2015-07-15T17:13:20.705Z","1996-04-01T00:00:00.000Z","arrest of the Unibomber","arrest-of-the-unibomber"
"id=5666775261773824","true","kester@gmail.com","2021-03-24T17:32:49.841Z","2001-03-01T00:00:00.000Z","release of OSX","release-of-osx"
"id=5667383922393088","true","kester@gmail.com","2019-11-09T18:33:49.421Z","2001-11-07T00:00:00.000Z","Buffy musical ""Once More, With Feeling""","buffy-musical-once-more-with-feeling"
"id=5667908084563968","true","kester@gmail.com","2015-07-15T17:13:20.705Z","1999-04-20T00:00:00.000Z","Columbine shooting","columbine-shooting"
"id=5668753656250368","true","kester@gmail.com","2017-11-30T17:55:25.850Z","1948-05-14T00:00:00.000Z","founding of the State of Israel","founding-of-the-state-of-israel"
"id=5669845274198016","true","kester@gmail.com","2020-12-10T18:21:10.183Z","1978-12-10T00:00:00.000Z","release of the movie ""Superman""","release-of-the-movie-superman"
"id=5670254453719040","true","kester@gmail.com","2020-02-26T23:23:17.069Z","1979-01-01T00:00:00.000Z","release of ""Mad Max""","release-of-mad-max"
"id=5670405876482048","true","kester@gmail.com","2017-11-30T17:56:32.800Z","1945-11-24T00:00:00.000Z","introduction of the Slinky","introduction-of-the-slinky"
"id=5671831268753408","true","kester@gmail.com","2015-07-15T17:13:20.705Z","1984-01-01T00:00:00.000Z","song ""Careless Whisper""","song-careless-whisper"
"id=5672330625810432","true","kester@gmail.com","2019-01-03T06:21:58.577Z","1983-09-28T00:00:00.000Z","release of ""The Big Chill""","release-of-the-big-chill"
"id=5672734579228672","true","kester@gmail.com","2019-10-14T02:40:55.194Z","2004-06-11T00:00:00.000Z","release of Napoleon Dynamite","release-of-napoleon-dynamite"
"id=5673603991339008","true","kester@gmail.com","2019-06-19T02:32:27.950Z","1993-09-10T00:00:00.000Z","debut of The X-Files","debut-of-the-x-files"
"id=5674368789118976","true","kester@gmail.com","2015-09-17T18:06:04.841Z","1982-05-10T00:00:00.000Z","release of ""Rio"" by Duran Duran","release-of-rio-by-duran-duran"
"id=5674823384563712","true","kester@gmail.com","2019-01-03T06:28:00.546Z","1949-08-12T00:00:00.000Z","ratification of the Geneva Convention","ratification-of-the-geneva-convention"
"id=5674844079259648","true","kester@gmail.com","2019-10-24T02:36:31.758Z","1985-11-17T00:00:00.000Z","reveal of Snuffleupagus on ""Sesame Street""","reveal-of-snuffleupagus-on-sesame-street"
"id=5676084116848640","true","kester@gmail.com","2020-02-29T00:47:04.669Z","2015-05-15T00:00:00.000Z","release of ""Max Max: Fury Road""","release-of-max-max-fury-road"
"id=5676201666412544","true","kester@gmail.com","2017-11-08T15:42:46.947Z","1993-09-16T00:00:00.000Z","first episode of “Fraiser”","first-episode-of-fraiser"
"id=5676830073815040","true","kester@gmail.com","2016-07-16T03:38:45.200Z","2004-07-01T00:00:00.000Z","beginning of Martha Stewart's jail term","beginning-of-martha-stewarts-jail-term"
"id=5677324355764224","true","kester@gmail.com","2020-01-17T19:15:41.741Z","1962-03-19T00:00:00.000Z","release of Bob Dylan's debut album","release-of-bob-dylans-debut-album"
"id=5677751478517760","true","kester@gmail.com","2015-11-22T21:55:47.057Z","1995-11-22T00:00:00.000Z","release of ""Toy Story""","release-of-toy-story"
"id=5678544864673792","true","kester@gmail.com","2021-02-27T04:20:29.055Z","1992-05-01T00:00:00.000Z","debut of ""The Real World""","debut-of-the-real-world"
"id=5678701068943360","true","kester@gmail.com","2015-11-23T17:01:06.275Z","1995-08-15T00:00:00.000Z","U.S. release of ""Macarena""","us-release-of-macarena"
"id=5679413765079040","true","kester@gmail.com","2015-08-04T20:17:33.201Z","1989-07-12T00:00:00.000Z","movie ""When Harry Met Sally""","movie-when-harry-met-sally"
"id=5680163505307648","true","kester@gmail.com","2018-03-06T20:51:15.584Z","1998-03-06T00:00:00.000Z","release of ""The Big Lebowski""","release-of-the-big-lebowski"
"id=5681006015152128","true","kester@gmail.com","2021-11-17T23:58:46.860Z","1997-12-18T00:00:00.000Z","Festivus episode of Seinfeld","festivus-episode-of-seinfeld"
"id=5681777339269120","true","kester@gmail.com","2015-10-08T22:11:34.261Z","1990-04-24T00:00:00.000Z","launch of the Hubble Space Telescope","launch-of-the-hubble-space-telescope"
"id=5682246254067712","true","kester@gmail.com","2021-02-02T17:38:55.079Z","1993-02-12T00:00:00.000Z","release of ""Groundhog Day""","release-of-groundhog-day"
"id=5682747733442560","true","kester@gmail.com","2016-01-01T17:00:06.020Z","1996-07-03T00:00:00.000Z","release of ""Independence Day""","release-of-independence-day"
"id=5684666375864320","true","kester@gmail.com","2015-07-15T17:13:20.705Z","2007-06-29T00:00:00.000Z","release of the iPhone","release-of-the-iphone"
"id=5685265389584384","true","kester@gmail.com","2015-07-15T17:13:20.705Z","2001-09-11T00:00:00.000Z","9/11 attacks","911-attacks"
"id=5686135749607424","true","kester@gmail.com","2020-10-28T22:30:42.937Z","1984-09-16T00:00:00.000Z","debut of ""Miami Vice""","debut-of-miami-vice"
"id=5687539843203072","true","kester@gmail.com","2015-07-15T17:13:20.705Z","1998-09-04T00:00:00.000Z","start of Google","start-of-google"
"id=5688424874901504","true","kester@gmail.com","2015-07-15T17:13:20.705Z","1994-09-22T00:00:00.000Z","start of ""Friends""","start-of-friends"
"id=5689413791121408","true","kester@gmail.com","2015-07-15T17:13:20.705Z","1998-01-01T00:00:00.000Z","end of ""Seinfeld""","end-of-seinfeld"
"id=5690145009303552","true","kester@gmail.com","2016-08-20T17:06:44.888Z","1982-09-30T00:00:00.000Z","first episode of ""Cheers""","first-episode-of-cheers"
"id=5691726094139392","true","kester@gmail.com","2015-07-15T17:13:20.705Z","1914-01-01T00:00:00.000Z","beginning of WWI","beginning-of-wwi"
"id=5692592335355904","true","kester@gmail.com","2018-02-02T20:23:32.375Z","2004-05-03T00:00:00.000Z","release of the Pixies's ""Wave of Multilation""","release-of-the-pixiess-wave-of-multilati"
"id=5693417237512192","true","kester@gmail.com","2018-05-23T15:03:36.846Z","1989-10-20T00:00:00.000Z","release of ""Pretty Hate Machine""","release-of-pretty-hate-machine"
"id=5694209793196032","true","kester@gmail.com","2016-08-02T20:22:55.159Z","2014-03-08T00:00:00.000Z","disappearance of Malaysia Airlines flight 370","disappearance-of-malaysia-airlines-fligh"
"id=5695159920492544","true","kester@gmail.com","2015-07-15T17:13:20.705Z","1989-07-31T00:00:00.000Z","first Gameboy","first-gameboy"
"id=5695872079757312","true","kester@gmail.com","2015-10-23T20:26:35.134Z","1997-12-19T00:00:00.000Z","release of ""Titantic""","realease-of-titantic"
"id=5696605713858560","true","kester@gmail.com","2017-10-26T04:00:48.023Z","1977-02-04T00:00:00.000Z","release of ""Rumors"" by Fleetwood Mac","release-of-rumors-by-fleetwood-mac"
"id=5698390272770048","true","kester@gmail.com","2016-01-25T17:18:19.663Z","1985-01-25T00:00:00.000Z","release of Phil Collins's ""No Jacket Required""","release-of-phil-collinss-no-jacket-requi"
"id=5699257587728384","true","kester@gmail.com","2015-07-15T17:13:20.705Z","1989-11-17T00:00:00.000Z","Little Mermaid","little-mermaid"
"id=5700291089399808","true","kester@gmail.com","2019-07-11T20:15:06.487Z","1960-11-08T00:00:00.000Z","election of JFK","election-of-jfk"
"id=5701241594183680","true","kester@gmail.com","2015-07-15T17:13:20.705Z","1803-01-01T00:00:00.000Z","Louisiana Purchase","louisiana-purchase"
"id=5701325169885184","true","kester@gmail.com","2019-12-24T04:40:03.843Z","1998-09-01T00:00:00.000Z","debut of ""That 70's Show""","debut-of-that-70s-show"
"id=5701330244993024","true","kester@gmail.com","2018-11-03T04:04:57.992Z","1990-03-02T00:00:00.000Z","the release of ""The Hunt for Red October""","the-release-of-the-hunt-for-red-october"
"id=5702143428263936","true","kester@gmail.com","2019-08-23T18:10:44.319Z","1929-03-04T00:00:00.000Z","inauguration of Herbert Hoover","inauguration-of-herbert-hoover"
"id=5702167830724608","true","kester@gmail.com","2018-08-11T23:37:07.215Z","1961-04-21T00:00:00.000Z","first human spaceflight (Yuri Gargarin)","first-human-spaceflight-yuri-gargarin"
"id=5703995716796416","true","kester@gmail.com","2019-08-20T21:58:34.683Z","1909-03-04T00:00:00.000Z","Taft inauguration","taft-inauguration"
"id=5704147139559424","true","kester@gmail.com","2015-11-17T18:11:02.950Z","1995-11-17T00:00:00.000Z","debut of This American Life","debut-of-this-american-life"
"id=5704471946461184","true","pjhinton@aim.com","2017-02-05T05:47:17.435Z","1977-06-26T00:00:00.000Z","Elvis Presley's last concert","elvis-presleys-last-concert"
"id=5705261306085376","true","kester@gmail.com","2020-01-11T17:09:36.406Z","1984-03-02T00:00:00.000Z","release of Spinal Tap","release-of-spinal-tap"
"id=5705670485606400","true","kester@gmail.com","2020-02-26T23:25:12.317Z","1985-01-01T00:00:00.000Z","release of ""Beyond Thunderdome""","release-of-beyond-thunderdome"
"id=5706163895140352","true","kester@gmail.com","2015-07-15T17:13:20.705Z","1972-01-01T00:00:00.000Z","reelection of Nixon","reelection-of-nixon"
"id=5706285722894336","true","kester@gmail.com","2021-05-21T21:45:28.283Z","1846-04-25T00:00:00.000Z","start of the Mexican-American War","start-of-the-mexican-american-war"
"id=5707103779946496","true","kester@gmail.com","2019-10-04T17:49:51.699Z","1898-08-02T00:07:02.000Z","Spanish-American War","spanish-american-war"
"id=5707532110659584","true","kester@gmail.com","2018-05-10T06:25:06.897Z","1987-05-09T00:00:00.000Z","release of ""Touch of Grey""","release-of-touch-of-grey"
"id=5707648880082944","true","kester@gmail.com","2017-05-22T20:54:08.812Z","1967-05-22T00:00:00.000Z","debut of ""Mr. Rogers' Neighborhood""","debut-of-mr-rogers-neighborhood"
"id=5707725409353728","true","kester@gmail.com","2020-11-05T21:06:12.051Z","2000-12-12T00:00:00.000Z","end of 2000 presidential election ","end-of-2000-presidential-election-"
"id=5709436928655360","true","kester@gmail.com","2015-08-13T16:39:15.412Z","1987-07-27T00:00:00.000Z","release of ""Never Gonna Give You Up""","release-of-never-gonna-give-you-up"
"id=5709596605808640","true","kester@gmail.com","2020-04-29T05:53:05.488Z","1984-10-17T00:00:00.000Z","birth of Randall Munroe","birth-of-randall-munroe"
"id=5710211792764928","true","kester@gmail.com","2021-02-25T22:07:36.406Z","2004-10-18T00:00:00.000Z","reboot of ""Battlestar Galactica""","reboot-of-battlestar-galactica"
"id=5710606233501696","true","kester@gmail.com","2017-03-18T04:00:22.483Z","1991-11-22T00:00:00.000Z","movie ""Beauty and the Beast""","movie-beauty-and-the-beast"
"id=5710999223009280","true","kester@gmail.com","2015-09-30T23:45:56.758Z","1929-10-24T00:00:00.000Z","Stock Market crash of 1929","stock-market-crash-of-1929"
"id=5711049177169920","true","kester@gmail.com","2021-02-14T05:38:49.585Z","1993-01-03T00:00:00.000Z","premier of ""Star Trek: Deep Space Nine""","premier-of-star-trek-deep-space-nine"
"id=5712536552865792","true","apaske@gmail.com","2015-07-15T22:02:18.396Z","1940-01-01T00:00:00.000Z","battle of Britain","battle-of-britain"
"id=5713320610889728","true","kester@gmail.com","2021-06-03T22:38:20.947Z","1968-04-05T00:00:00.000Z","release of Simon & Garfunkel's single ""Mrs. Robinson""","release-of-simon--garfunkels-single-mrs-"
"id=5713573250596864","true","kester@gmail.com","2015-07-15T17:13:20.705Z","1985-01-01T00:00:00.000Z","release of ""We Are The World""","release-of-we-are-the-world"
"id=5713942324183040","true","kester@gmail.com","2019-04-18T05:06:16.504Z","1970-09-19T00:00:00.000Z","debut of ""The Mary Tyler Moore Show""","debut-of-the-mary-tyler-moore-show"
"id=5714315743068160","true","pjhinton@aim.com","2017-02-05T05:43:27.836Z","1973-10-20T00:00:00.000Z","the Saturday Night Massacre","the-saturday-night-massacre"
"id=5715161717407744","true","kester@gmail.com","2018-08-28T22:46:07.523Z","1990-10-04T00:00:00.000Z","premier of ""90210""","premier-of-90210"
"id=5715182412103680","true","kester@gmail.com","2019-09-17T04:00:45.995Z","1937-05-06T00:00:00.000Z","Hindenburg disaster","hindenburg-disaster"
"id=5715921523965952","true","kester@gmail.com","2017-10-26T22:23:32.993Z","1994-09-07T00:00:00.000Z","release of Weezer's ""Buddy Holly"" video","release-of-weezers-buddy-holly-video"
"id=5716010132832256","true","kester@gmail.com","2019-09-17T03:58:38.786Z","1978-06-06T00:00:00.000Z","release of the album ""The Cars""","release-of-the-album-the-cars"
"id=5716646702350336","true","kester@gmail.com","2015-11-17T05:55:01.289Z","1843-12-19T00:00:00.000Z","publication of Dickens's ""A Christmas Carol""","publication-of-dickenss-a-christmas-caro"
"id=5717044213317632","true","kester@gmail.com","2019-12-15T16:04:12.079Z","1979-01-01T00:00:00.000Z","release of ""London Calling""","release-of-london-calling"
"id=5717271485874176","true","kester@gmail.com","2015-09-30T23:46:35.280Z","1969-09-26T00:00:00.000Z","release of ""Abbey Road""","release-of-abbey-road"
"id=5717495361044480","true","kester@gmail.com","2016-07-01T17:53:06.459Z","1982-11-15T00:00:00.000Z","release of Whitesnake's ""Here I Go Again""","release-of-whitesnakes-here-i-go-again"
"id=5720147234914304","true","kester@gmail.com","2015-07-15T17:13:20.705Z","2005-09-29T00:00:00.000Z","Hurricane Katrina","hurricane-katrina"
"id=5720605454237696","true","kester@gmail.com","2018-11-01T17:37:57.366Z","1993-06-11T00:00:00.000Z","release of ""Jurassic Park""","release-of-jurassic-park"
"id=5722467590995968","true","kester@gmail.com","2015-10-08T22:12:12.718Z","1976-04-01T00:00:00.000Z","founding of Apple Computer","founding-of-apple-computer"
"id=5723920363683840","true","kester@gmail.com","2018-10-01T22:02:35.538Z","1955-10-29T00:00:00.000Z","release of ""Rebel Without a Cause""","release-of-rebel-without-a-cause"
"id=5725417520496640","true","kester@gmail.com","2020-10-02T17:48:06.796Z","1985-09-30T00:00:00.000Z","first release of Microsoft Excel","first-release-of-microsoft-excel"
"id=5725851488354304","true","kester@gmail.com","2015-07-15T17:13:20.705Z","1993-01-01T00:00:00.000Z","last year cassette sales revenue was higher than CD sales revenue","last-year-cassette-sales-revenue-was-hig"
"id=5726607939469312","true","kester@gmail.com","2015-07-15T17:13:20.705Z","1997-06-27T00:00:00.000Z","release of ""Harry Potter""","release-of-harry-potter"
"id=5727389891952640","true","kester@gmail.com","2015-11-23T17:00:25.381Z","1991-10-29T00:00:00.000Z","release of ""Too Legit To Quit""","release-of-too-legit-to-quit"
"id=5729201025974272","false","","","1970-05-04T00:00:00.000Z","Kent State shootings ","kent-state-shootings-"
"id=5730450056151040","true","kester@gmail.com","2016-09-09T05:15:51.849Z","1996-09-08T00:00:00.000Z","debut of Blue's Clues","debut-of-blues-clues"
"id=5730827476402176","true","kester@gmail.com","2015-07-15T17:13:20.705Z","2003-05-01T00:00:00.000Z","George Bush ""Mission Accomplished"" speech","george-bush-mission-accomplished-speech"
"id=5731563417370624","true","kester@gmail.com","2021-08-12T21:24:31.148Z","1981-08-12T00:00:00.000Z","release of the first IBM home PC ","release-of-the-first-ibm-home-pc-"
"id=5732312192909312","true","kester@gmail.com","2017-11-18T18:01:33.757Z","1985-09-01T00:00:00.000Z","the introduction of Elmo on Sesame Street","the-introduction-of-elmo-on-sesame-stree"
"id=5733311175458816","true","kester@gmail.com","2016-06-30T18:09:58.039Z","1982-01-01T00:00:00.000Z","release of Zork for the DOS PC","release-of-zork-for-the-dos-pc"
"id=5733935958982656","true","kester@gmail.com","2018-05-17T16:52:38.466Z","1984-04-16T00:00:00.000Z","release of Prince's ""When Doves Cry""","release-of-princes-when-doves-cry"
"id=5734027520638976","true","kester@gmail.com","2021-08-23T03:28:24.837Z","2004-04-30T00:00:00.000Z","release of ""Mean Girls""","release-of-mean-girls"
"id=5734055144325120","true","kester@gmail.com","2015-07-15T17:13:20.705Z","1994-07-06T00:00:00.000Z","release of ""Forrest Gump""","release-of-forrest-gump"
"id=5736754531270656","true","kester@gmail.com","2018-03-01T16:16:43.727Z","1986-03-01T00:00:00.000Z","release of ""Pretty in Pink""","release-of-pretty-in-pink"
"id=5736912346152960","true","kester@gmail.com","2020-12-08T07:03:27.139Z","1947-10-14T00:00:00.000Z","first breaking of the sound barrier (Chuck Yeager)","first-breaking-of-the-sound-barrier-chuc"
"id=5737664527466496","true","colin.schatz@gmail.com","2015-07-16T03:38:51.026Z","1985-09-13T00:00:00.000Z","release of the original Super Mario Brothers","release-of-the-original-super-mario-brot"
"id=5739392471662592","true","kester@gmail.com","2021-05-07T02:38:37.161Z","1999-03-23T00:00:00.000Z","release of ""Livin' la Vida Loca""","release-of-livin-la-vida-loca"
"id=5739719937753088","true","kester@gmail.com","2015-07-15T17:13:20.705Z","1989-07-05T00:00:00.000Z","first episode of ""Seinfeld""","first-episode-of-seinfeld"
"id=5740329646948352","true","kester@gmail.com","2020-02-19T18:22:29.816Z","1943-01-23T00:00:00.000Z","release of ""Casablanca""","release-of-casablanca"
"id=5740874747084800","true","kester@gmail.com","2018-06-25T23:10:24.287Z","1970-05-08T00:00:00.000Z","release of ""Let It Be""","release-of-let-it-be"
"id=5741054355570688","true","kester@gmail.com","2022-01-23T05:08:17.130Z","1980-03-01T00:00:00.000Z","release of ""Funkytown""","release-of-funkytown"
"id=5742636757417984","true","colin.schatz@gmail.com","2015-07-16T03:44:16.168Z","2003-11-02T00:00:00.000Z","first episode of ""Arrested Development""","first-episode-of-arrested-development"
"id=5742816500121600","true","kester@gmail.com","2021-03-24T16:10:57.648Z","2005-03-24T00:00:00.000Z","premier of the US version of ""The Office""","premier-of-the-us-version-of-the-office"
"id=5743573328723968","true","kester@gmail.com","2018-01-30T00:47:18.552Z","1990-11-16T00:00:00.000Z","release of Home Alone","release-of-home-alone"
"id=5744125232021504","true","kester@gmail.com","2016-05-21T16:48:52.669Z","1982-07-09T00:00:00.000Z","release of the movie ""Tron""","release-of-the-movie-tron"
"id=5745865499082752","true","kester@gmail.com","2015-08-04T20:18:03.697Z","1996-12-13T00:00:00.000Z","movie ""Jerry McGuire""","movie-jerry-mcguire"
"id=5746821397741568","true","kester@gmail.com","2018-10-15T21:11:14.451Z","1986-08-15T00:00:00.000Z","release of ""The Fly""","release-of-the-fly"
"id=5747610597982208","true","colin.schatz@gmail.com","2015-10-30T01:23:10.534Z","2000-11-01T00:00:00.000Z","Closure of pets.com","closure-of-petscom"
"id=5749095851360256","true","kester@gmail.com","2017-11-30T17:53:45.318Z","1982-06-21T00:00:00.000Z","release of Billy Idol's ""White Wedding""","release-of-billy-idols-white-wedding"
"id=5749339079049216","true","kester@gmail.com","2020-12-11T20:41:16.135Z","1990-12-07T00:00:00.000Z","release of ""Edward Scissorhands""","release-of-edward-scissorhands"
"id=5749563331706880","true","kester@gmail.com","2015-11-29T04:59:51.634Z","1965-01-01T00:00:00.000Z","Publication of ""Dune""","publication-of-dune"
"id=5750085036015616","true","pjhinton@aim.com","2017-02-05T05:41:49.411Z","1970-01-01T00:00:00.000Z","the beginning of the UNIX epoch","the-beginning-of-the-unix-epoch"
"id=5750173443555328","true","kester@gmail.com","2021-04-09T17:02:29.495Z","2000-04-08T00:00:00.000Z","""More Cowbell"" SNL skit","more-cowbell-snl-skit"
"id=5750943224168448","true","colin.schatz@gmail.com","2017-12-27T03:48:16.696Z","2003-11-07T00:00:00.000Z","Release of ""Elf""","release-of-elf"
"id=5751011029286912","true","kester@gmail.com","2021-01-27T22:03:59.479Z","1991-09-11T00:00:00.000Z","release of ""Nevermind"" by Nirvana","release-of-nevermind-by-nirvana"
"id=5751806755864576","true","kester@gmail.com","2019-11-21T20:29:23.392Z","1969-11-21T00:00:00.000Z","first permanent ARPANET link","first-permanent-arpanet-link"
"id=5752571553644544","true","kester@gmail.com","2015-12-31T18:36:14.190Z","1995-12-31T00:00:00.000Z","final ""Calvin & Hobbes"" strip","final-calvin--hobbes-strip"
"id=5752754626625536","true","kester@gmail.com","2015-07-15T17:13:20.705Z","1984-01-01T00:00:00.000Z","release of ""Born in the USA""","release-of-born-in-the-usa"
"id=5755685136498688","true","kester@gmail.com","2015-07-15T17:13:20.705Z","1989-12-17T00:00:00.000Z","first episode of ""The Simpsons""","first-episode-of-the-simpsons"
"id=5756596743307264","true","kester@gmail.com","2016-09-07T04:55:35.695Z","2012-08-05T00:00:00.000Z","landing of Curiosity on Mars","landing-of-curiosity-on-mars"
"id=5757334940811264","true","kester@gmail.com","2015-07-15T17:13:20.705Z","1974-01-01T00:00:00.000Z","release of ""Chinatown""","release-of-chinatown"
"id=5757715179634688","true","kester@gmail.com","2015-07-15T17:13:20.705Z","1986-01-01T00:00:00.000Z","movie ""Top Gun""","movie-top-gun"
"id=5758566078087168","true","kester@gmail.com","2021-01-24T07:09:02.409Z","1983-01-23T00:00:00.000Z","premier of ""The A-Team""","premier-of-the-a-team"
"id=5759180434571264","true","kester@gmail.com","2015-09-25T04:20:43.265Z","1980-06-20T00:00:00.000Z","release of The Empire Strikes Back","release-of-the-empire-strikes-back"
"id=5760744339537920","true","kester@gmail.com","2016-02-04T00:36:11.401Z","1959-02-03T00:00:00.000Z","death of Buddy Holly, Ritchie Valens, and The Big Bopper","death-of-buddy-holly-ritchie-valens-and-"
"id=5762529972191232","true","kester@gmail.com","2016-06-24T04:40:30.947Z","2016-06-23T00:00:00.000Z","exit of England from the European Union","exit-of-england-from-the-european-union"
"id=5763263606292480","true","kester@gmail.com","2017-11-30T17:57:19.239Z","1947-12-23T00:00:00.000Z","invention of the transistor","invention-of-the-transistor"
"id=5764017373052928","true","kester@gmail.com","2016-08-30T05:07:38.892Z","1954-06-23T00:00:00.000Z","release of ""The Caine Mutiny""","release-of-the-caine-mutiny"
"id=5765606242516992","true","kester@gmail.com","2015-07-15T17:13:20.705Z","1906-01-01T00:00:00.000Z","San Francisco earthquake","san-francisco-earthquake"
"id=5766466041282560","true","kester@gmail.com","2018-05-30T19:26:51.139Z","1960-08-08T00:00:00.000Z","number one chart position of ""Itsy Bitsy Teenie Weenie Yellow Polka Dot Bikini""	by Brian Hyland","number-one-chart-position-of-itsy-bitsy-"
"id=5767281011326976","true","kester@gmail.com","2015-07-15T17:13:20.705Z","1973-01-22T00:00:00.000Z","Roe Versus Wade decision","roe-versus-wade-decision"
"id=5768939674009600","true","kester@gmail.com","2018-02-23T03:12:58.173Z","1992-02-22T00:00:00.000Z","premier of ""Babylon 5""","premier-of-babylon-5"
"id=5769928858664960","true","kester@gmail.com","2015-07-15T17:13:20.705Z","1966-01-01T00:00:00.000Z","first episode of ""Star Trek""","first-episode-of-star-trek"
"id=5917501787471872","true","kester@gmail.com","2015-07-15T17:13:20.705Z","1863-01-02T00:00:00.000Z","Emancipation Proclamation","emancipation-proclamation"
"id=5942455815897088","true","kester@gmail.com","2015-07-15T17:13:20.705Z","1983-01-01T00:00:00.000Z","movie ""Return of the Jedi""","movie-return-of-the-jedi"
"id=6001622211624960","true","kester@gmail.com","2015-07-15T17:13:20.705Z","1991-01-01T00:00:00.000Z","overturn of apartheid","overturn-of-apartheid"
"id=6002404164108288","true","kester@gmail.com","2015-07-15T17:13:20.705Z","1982-01-01T00:00:00.000Z","movie ""E.T.""","movie-et"
"id=6012302453112832","true","kester@gmail.com","2015-07-15T17:13:20.705Z","1982-01-01T00:00:00.000Z","movie ""Blade Runner""","movie-blade-runner"
"id=6015530121035776","true","kester@gmail.com","2015-07-15T17:13:20.705Z","1957-10-05T00:00:00.000Z","launch of Sputnik","launch-of-sputnik"
"id=6035733110325248","true","kester@gmail.com","2015-07-15T17:13:20.705Z","1979-01-01T00:00:00.000Z","Three Mile Island disaster","three-mile-island-disaster"
"id=6192780204310528","true","kester@gmail.com","2025-11-11T04:07:15.234Z","2009-02-16T00:00:00.000Z","air date of Steve Buscemi's ""How do you do, fellow kids"" bit from 30 Rock","air-date-of-steve-buscemis-how-do-you-do"
"id=6193092717707264","true","kester@gmail.com","2022-02-16T22:08:47.969Z","1999-04-12T00:00:00.000Z","release of the Backstreet Boys' single ""I Want It That Way""","release-of-the-backstreet-boys-single-i-"
"id=6195573195538432","true","kester@gmail.com","2022-04-29T19:34:48.449Z","1952-04-11T00:00:00.000Z","release of ""Singin' In The Rain""","release-of-singin-in-the-rain"
"id=6196806992003072","true","kester@gmail.com","2022-10-24T17:38:58.323Z","2017-11-22T00:00:00.000Z","release of ""Coco""","release-of-coco"
"id=6197203269844992","true","kester@gmail.com","2022-03-04T15:49:46.505Z","1989-04-14T00:00:00.000Z","release of ""Say Anything""","release-of-say-anything"
"id=6198443508760576","false","","","1953-01-01T00:00:00.000Z","discovery of DNA","discovery-of-dna"
"id=6198976764182528","true","kester@gmail.com","2015-07-15T17:13:20.705Z","1992-10-13T00:00:00.000Z","release of ""Reservoir Dogs""","release-of-reservoir-dogs"
"id=6199258545913856","true","kester@gmail.com","2022-06-01T05:08:24.908Z","1983-04-13T00:00:00.000Z","release of ""Blister in the Sun""","release-of-blister-in-the-sun"
"id=6200183104733184","true","kester@gmail.com","2022-12-25T19:09:49.099Z","1961-01-01T00:00:00.000Z","formation of the Beach Boys","formation-of-the-beach-boys"
"id=6201793851686912","false","","","1968-04-04T00:00:00.000Z","MLK Jr's assassination","mlk-jrs-assassination"
"id=6203027513933824","true","kester@gmail.com","2022-02-19T04:06:22.701Z","1982-10-01T00:00:00.000Z","release of ""She Blinded Me With Science""","release-of-she-blinded-me-with-science"
"id=6203456138248192","true","kester@gmail.com","2022-11-02T18:05:31.564Z","1983-02-28T00:00:00.000Z","series finale of M*A*S*H","series-finale-of-mash"
"id=6205495106863104","true","colin.schatz@gmail.com","2022-05-02T20:46:03.193Z","1994-05-10T00:00:00.000Z","release of the Indigo Girls album ""Swamp Ophelia"" ","release-of-the-indigo-girls-album-swamp"
"id=6206716152643584","false","","","1945-01-01T00:00:00.000Z","end of WWII","end-of-wwii"
"id=6207125181169664","true","kester@gmail.com","2022-03-27T21:31:57.546Z","1939-05-13T00:00:00.000Z","birth of Harvey Keitel","birth-of-harvey-keitel"
"id=6207962867564544","true","kester@gmail.com","2022-02-01T16:45:24.877Z","1998-06-15T00:00:00.000Z","introduction of the Gillette Mach 3 razor","introduction-of-the-gillette-mach-3-razo"
"id=6208423536361472","true","kester@gmail.com","2025-07-03T01:03:15.664Z","1928-11-18T00:00:00.000Z","theatrical release of ""Steamboat Willie""","theatrical-release-of-steamboat-willie"
"id=6209193342140416","true","kester@gmail.com","2022-06-07T22:28:00.010Z","2001-04-22T00:00:00.000Z","release of ""Shrek""","release-of-shrek"
"id=6219008491651072","true","kester@gmail.com","2015-07-15T17:13:20.705Z","1963-11-22T00:00:00.000Z","assassination of JFK","assassination-of-jfk"
"id=6222068655849472","true","kester@gmail.com","2015-07-15T17:13:20.705Z","1964-02-09T00:00:00.000Z","Beatles' Ed Sullivan appearance","beatles-ed-sullivan-appearance"
"id=6223930792607744","true","kester@gmail.com","2015-07-15T17:13:20.705Z","1957-01-01T00:00:00.000Z","debut of ""Leave It To Beaver""","debut-of-leave-it-to-beaver"
"id=6229033213755392","true","colin.schatz@gmail.com","2015-07-16T03:36:45.893Z","1997-03-10T00:00:00.000Z","premiere of Buffy the Vampire Slayer","premiere-of-buffy-the-vampire-slayer"
"id=6230858037985280","true","kester@gmail.com","2015-07-15T17:13:20.705Z","1996-01-01T00:00:00.000Z","publication of ""Game of Thrones""","publication-of-game-of-thrones"
"id=6232494152089600","true","kester@gmail.com","2015-07-15T17:13:20.705Z","1962-10-01T00:00:00.000Z","Cuban Missile crisis","cuban-missile-crisis"
"id=6239461721505792","true","kester@gmail.com","2023-03-26T00:08:17.073Z","1995-07-19T00:00:00.000Z","release of ""Clueless""","release-of-clueless"
"id=6247403325751296","true","kester@gmail.com","2015-07-15T17:13:20.705Z","1962-08-28T00:00:00.000Z","Martin Luther King Jr's ""I Have A Dream"" speech","martin-luther-king-jrs-i-have-a-dream-sp"
"id=6247616329285632","true","kester@gmail.com","2015-07-15T17:13:20.705Z","1920-01-01T00:00:00.000Z","beginning of Prohibition","beginning-of-prohibition"
"id=6250489796624384","true","kester@gmail.com","2015-07-15T17:13:20.705Z","1986-04-26T00:00:00.000Z","Chernobyl disaster","chernobyl-disaster"
"id=6251374828322816","true","kester@gmail.com","2015-07-15T17:13:20.705Z","1952-01-01T00:00:00.000Z","introduction of polio vaccine","introduction-of-polio-vaccine"
"id=6252363744542720","true","kester@gmail.com","2015-07-15T17:13:20.705Z","1981-04-12T00:00:00.000Z","first Space Shuttle launch","first-space-shuttle-launch"
"id=6262207541149696","true","kester@gmail.com","2015-07-15T17:13:20.705Z","1983-12-02T00:00:00.000Z","release of the ""Thriller"" video","release-of-the-thriller-video"
"id=6263861162278912","true","kester@gmail.com","2022-03-24T03:20:33.271Z","1994-06-24T00:00:00.000Z","release of The Lion King","release-of-the-lion-king"
"id=6265616939876352","true","kester@gmail.com","2015-07-15T17:13:20.705Z","1970-05-04T00:00:00.000Z","Kent State shootings","kent-state-shootings"
"id=6267281969512448","true","kester@gmail.com","2022-12-25T19:09:01.397Z","1993-01-01T00:00:00.000Z","formation of the Backstreet Boys","formation-of-the-backstreet-boys"
"id=6269753261817856","true","kester@gmail.com","2015-07-15T17:13:20.705Z","1945-05-08T00:00:00.000Z","end of WWII (VE Day)","end-of-wwii-ve-day"
"id=6271295482232832","false","","","1906-01-01T00:00:00.000Z","Cubs world series win","cubs-world-series-win"
"id=6271776317243392","true","kester@gmail.com","2023-02-17T02:45:02.495Z","2003-05-23T00:00:00.000Z","release of ""Finding Nemo""","release-of-finding-nemo"
"id=6278756377296896","true","kester@gmail.com","2022-08-22T17:21:42.860Z","1992-12-09T00:00:00.000Z","release of ""A Few Good Men""","release-of-a-few-good-men"
"id=6279587520577536","true","kester@gmail.com","2023-11-15T03:17:34.323Z","1999-05-19T00:00:00.000Z","release of ""The Phantom Menace""","release-of-the-phantom-menace"
"id=6282187997446144","true","kester@gmail.com","2015-07-15T17:13:20.705Z","1960-01-01T00:00:00.000Z","first televised Presidential debates","first-televised-presidential-debates"
"id=6283097188335616","true","kester@gmail.com","2015-07-15T17:13:20.705Z","1955-04-15T00:00:00.000Z","opening of the first McDonald's","opening-of-the-first-mcdonalds"
"id=6283879140818944","true","kester@gmail.com","2015-07-15T17:13:20.705Z","1774-01-01T00:00:00.000Z","American revolution","american-revolution"
"id=6288057741344768","true","kester@gmail.com","2015-07-15T17:13:20.705Z","1815-01-01T00:00:00.000Z","defeat of Napolean at Waterloo","defeat-of-napolean-at-waterloo"
"id=6289557892890624","true","kester@gmail.com","2015-07-15T17:13:20.705Z","1985-01-01T00:00:00.000Z","release of ""The Goonies""","release-of-the-goonies"
"id=6293777429823488","true","kester@gmail.com","2015-07-15T17:13:20.705Z","1804-01-01T00:00:00.000Z","Louis and Clark expedition","louis-and-clark-expedition"
"id=6297005097746432","true","kester@gmail.com","2015-07-15T17:13:20.705Z","1987-06-01T00:00:00.000Z","movie ""Princess Bride""","movie-princess-bride"
"id=6298945886093312","true","kester@gmail.com","2015-07-15T17:13:20.705Z","1955-12-01T00:00:00.000Z","refusal of Rosa Parks to give up her bus seat","refusal-of-rosa-parks-to-give-up-her-bus"
"id=6302669891174400","true","kester@gmail.com","2015-07-15T17:13:20.705Z","1985-01-01T00:00:00.000Z","release of ""Back to the Future""","release-of-back-to-the-future"
"id=6309005504806912","true","kester@gmail.com","2015-07-15T17:13:20.705Z","1972-06-17T00:00:00.000Z","Watergate break-in","watergate-break-in"
"id=6313740437815296","true","kester@gmail.com","2015-07-15T17:13:20.705Z","1967-01-01T00:00:00.000Z","release of Sgt. Pepper's Lonely Hearts Club Band","release-of-sgt-peppers-lonely-hearts-clu"
"id=6315704580046848","true","kester@gmail.com","2015-07-15T17:13:20.705Z","1974-08-09T00:00:00.000Z","Nixon resignation","nixon-resignation"
"id=6317208087035904","true","kester@gmail.com","2015-07-15T17:13:20.705Z","1983-01-01T00:00:00.000Z","release of ""Uptown Girl""","release-of-uptown-girl"
"id=6318635089920000","true","kester@gmail.com","2015-07-15T17:13:20.705Z","1984-01-01T00:00:00.000Z","movie ""The Karate Kid""","movie-the-karate-kid"
"id=6320665133056000","true","kester@gmail.com","2015-07-15T17:13:20.705Z","1977-08-17T00:00:00.000Z","death of Elvis","death-of-elvis"
"id=6322359095001088","true","kester@gmail.com","2015-07-15T17:13:20.705Z","1961-01-20T00:00:00.000Z","JFK's ""Ask not what your country can do for you."" speech","jfks-ask-not-what-your-country-can-do-fo"
